{
    "qnli": [0.9157971810360608, 0.0006514783239997109],
    "rte": [0.6618531889290012, 0.012272008456300311],
    "cola": [0.5752654987350136, 0.009048656352656623],
    "qqp": [0.9104542831230934, 0.0007123919392275345],
    "wnli": [0.39436619718309857, 0.08292733207819575],
    "mrpc": [0.8423202614379086, 0.012866025937927801],
    "sst2": [0.930045871559633, 0.0032436090880116927],
    "mnli": [0.8460179996603839, 0.00396900819425921]
}