{
    "cola": {
        "mean": [
            0.57379521,
            0.55213628,
            0.55299628,
            0.52958782,
            0.51088286,
            0.39583647,
            0.31150103,
            0.26177051,
            0.14136943,
            0.0524573,
            0
        ],
        "std": [
            0.01467045,
            0.0169443,
            0.00645155,
            0.01019432,
            0.00634823,
            0.04259065,
            0.05636899,
            0.05320102,
            0.018497,
            0.04014991,
            0
        ]
    },
    "mnli": {
        "mean": [
            0.84109356,
            0.83396163,
            0.83212771,
            0.82815419,
            0.82024113,
            0.8020377,
            0.78593987,
            0.77670232,
            0.75880454,
            0.6831041,
            0.3302768
        ],
        "std": [
            0.00203827,
            0.0004187,
            0.00130566,
            0.00025414,
            0.00556453,
            0.00064971,
            0.00276906,
            0.00493858,
            0.00917391,
            0.01716075,
            0.01709832
        ]
    },
    "mrpc": {
        "mean": [
            0.82352942,
            0.79575163,
            0.78758168,
            0.77124184,
            0.75571895,
            0.7279412,
            0.73120914,
            0.70669935,
            0.69689542,
            0.70179739,
            0.68382353
        ],
        "std": [
            0.00529472,
            0.01815858,
            0.03102423,
            0.01332475,
            0.02533998,
            0.01744621,
            0.01815858,
            0.00503631,
            0.01332475,
            0.00305692,
            0
        ]
    },
    "qnli": {
        "mean": [
            0.91012263,
            0.90878028,
            0.90365489,
            0.90029897,
            0.89676001,
            0.89303801,
            0.88528889,
            0.87717372,
            0.85154676,
            0.75263898,
            0.4982
        ],
        "std": [
            0.00269441,
            0.00180798,
            0.00076695,
            0.00069034,
            0.00183658,
            0.00084987,
            0.00151193,
            0.00068489,
            0.00181826,
            0.0982177,
            0.00509113
        ]
    },
    "qqp": {
        "mean": [
            0.90841784,
            0.90827769,
            0.9067689,
            0.90540028,
            0.90572182,
            0.90345452,
            0.90127794,
            0.89090612,
            0.88299944,
            0.7999258,
            0.63183278
        ],
        "std": [
            0.00041501,
            0.00038229,
            0.00013141,
            0.00155573,
            0.00021781,
            0.0012153,
            0.00018214,
            0.00366367,
            0.00124857,
            0.00137225,
            0
        ]
    },
    "rte": {
        "mean": [
            0.65222623,
            0.64741276,
            0.65222623,
            0.61973526,
            0.59927797,
            0.57761735,
            0.53429604,
            0.53068591,
            0.5547533,
            0.54753308,
            0.47292417
        ],
        "std": [
            0.00613602,
            0.00680728,
            0.02289568,
            0.00947535,
            0.0179298,
            0.01840802,
            0.02412748,
            0.04870302,
            0.02575321,
            0.02801552,
            0
        ]
    },
    "sst2": {
        "mean": [
            0.92584099,
            0.92125382,
            0.9246942,
            0.92163608,
            0.92431192,
            0.91475534,
            0.90863913,
            0.89525994,
            0.87576453,
            0.81880734,
            0.50917429
        ],
        "std": [
            0.0014303,
            0.0014303,
            0.00108121,
            0.00108121,
            0.00495469,
            0.01027144,
            0.01163235,
            0.005157,
            0.00572121,
            0.00374539,
            0
        ]
    },
    "wnli": {
        "mean": [
            0.37089202,
            0.42253521,
            0.40375587,
            0.45070423,
            0.44131455,
            0.40375586,
            0.48826291,
            0.48356808,
            0.48826291,
            0.52112678,
            0.5633803
        ],
        "std": [
            0.07393435,
            0.03042601,
            0.013279,
            0.07181717,
            0.10929996,
            0.0403865,
            0.07827856,
            0.05901318,
            0.07026587,
            0.05975551,
            0
        ]
    }
}