{
    "cola": {
        "mean": [
            0.58638084,
            0.5521863,
            0.54607291,
            0.55208799,
            0.53317413,
            0.51647946,
            0.46414341,
            0.33400028,
            0.19852192,
            0.01558127,
            0
        ],
        "std": [
            0.0032772,
            0.00750721,
            0.00798978,
            0.02064215,
            0.011008,
            0.0146134,
            0.02768822,
            0.09110902,
            0.08843551,
            0.02203524,
            0
        ]
    },
    "mnli": {
        "mean": [
            0.84136526,
            0.83610121,
            0.83080318,
            0.82798437,
            0.82272033,
            0.8083206,
            0.7907964,
            0.76943453,
            0.74308032,
            0.6735609,
            0.31818646
        ],
        "std": [
            0.00145758,
            0.00222336,
            0.00254146,
            0.00263373,
            0.00191875,
            0.00818904,
            0.00047304,
            0.01330056,
            0.02693121,
            0.03699305,
            0
        ]
    },
    "mrpc": {
        "mean": [
            0.84313724,
            0.80310458,
            0.79248367,
            0.78513072,
            0.76062091,
            0.75245098,
            0.73039216,
            0.70098039,
            0.69362744,
            0.70016338,
            0.68382353
        ],
        "std": [
            0.01114231,
            0.00305689,
            0.00503631,
            0.00577701,
            0.01405609,
            0.01312285,
            0.00529472,
            0.00200121,
            0.00529472,
            0.00702803,
            0
        ]
    },
    "qnli": {
        "mean": [
            0.91201415,
            0.90719386,
            0.90493625,
            0.90402098,
            0.89840746,
            0.8904143,
            0.8808347,
            0.8663738,
            0.8417231,
            0.69272073,
            0.49460003
        ],
        "std": [
            0.00119879,
            0.0028515,
            0.00257285,
            0.00263291,
            0.00251429,
            0.00311124,
            0.00457989,
            0.0123853,
            0.00491252,
            0.10113558,
            0
        ]
    },
    "qqp": {
        "mean": [
            0.90845909,
            0.90873939,
            0.90563937,
            0.90278669,
            0.90016488,
            0.898854,
            0.8959024,
            0.89015583,
            0.88163904,
            0.81797345,
            0.63183278
        ],
        "std": [
            0.00031546,
            0.00107042,
            0.0026878,
            0.00347291,
            0.00341399,
            0.00357636,
            0.00210364,
            0.00217107,
            0.00091068,
            0.02911102,
            0
        ]
    },
    "rte": {
        "mean": [
            0.64741276,
            0.64741274,
            0.63898917,
            0.60168471,
            0.59687126,
            0.5944645,
            0.54512636,
            0.54512636,
            0.52827917,
            0.48977135,
            0.47292417
        ],
        "std": [
            0.00680728,
            0.02908073,
            0.03321823,
            0.01035178,
            0.01035178,
            0.02738822,
            0.01473819,
            0.01062787,
            0.02738823,
            0.01329165,
            0
        ]
    },
    "sst2": {
        "mean": [
            0.92354741,
            0.9277523,
            0.92584097,
            0.92010703,
            0.92163608,
            0.92087156,
            0.91284404,
            0.88914373,
            0.8769113,
            0.82951071,
            0.50917429
        ],
        "std": [
            0.0014303,
            0.00187268,
            0.00422222,
            0.00194917,
            0.0005406,
            0.00584752,
            0.00324359,
            0.00194917,
            0.0063736,
            0.01185632,
            0
        ]
    },
    "wnli": {
        "mean": [
            0.34741784,
            0.4882629,
            0.48356806,
            0.54929578,
            0.4741784,
            0.4460094,
            0.46948356,
            0.45539906,
            0.49295776,
            0.47887325,
            0.5633803
        ],
        "std": [
            0.04353811,
            0.02894091,
            0.02393905,
            0,
            0.05434666,
            0.013279,
            0.08319269,
            0.03513294,
            0.0526994,
            0.05975551,
            0
        ]
    }
}