{
    "cola": {
        "mean": [
            0.58054109,
            0.58891431,
            0.5416766,
            0.54648913,
            0.54187143,
            0.51181503,
            0.40088641,
            0.21897218,
            0.22330248,
            0.16870141,
            0.10566025
        ],
        "std": [
            0.00768159,
            0.00965416,
            0.01276267,
            0.00765256,
            0.01183698,
            0.00125605,
            0.01199204,
            0.01577739,
            0.00878085,
            0.01766092,
            0.07660298
        ]
    },
    "mnli": {
        "mean": [
            0.84238412,
            0.83885211,
            0.83970112,
            0.83803703,
            0.83705215,
            0.83436916,
            0.83056545,
            0.82302598,
            0.8096451,
            0.7853965,
            0.69023603
        ],
        "std": [
            0.00175288,
            0.00100632,
            0.00133448,
            0.00092759,
            0.0005843,
            0.00075483,
            0.00175291,
            0.00223375,
            0.00101658,
            0.00248221,
            0.01384742
        ]
    },
    "mrpc": {
        "mean": [
            0.85457516,
            0.84967319,
            0.84232026,
            0.8390523,
            0.82598039,
            0.8014706,
            0.79084967,
            0.77696081,
            0.74591504,
            0.71650326,
            0.70915033
        ],
        "std": [
            0.00231083,
            0.00305692,
            0.00305689,
            0.00115539,
            0.00693243,
            0.00529472,
            0.00808782,
            0.00346621,
            0.00305691,
            0.00416586,
            0.00416588
        ]
    },
    "qnli": {
        "mean": [
            0.91250229,
            0.91299041,
            0.91048872,
            0.90725485,
            0.90548539,
            0.90347185,
            0.89974984,
            0.89139056,
            0.87186529,
            0.84642138,
            0.67234121
        ],
        "std": [
            0.00283972,
            0.00296793,
            0.00029891,
            0.00259875,
            0.00152663,
            0.00209422,
            0.00075227,
            0.00142052,
            0.001472,
            0.00665722,
            0.03845467
        ]
    },
    "qqp": {
        "mean": [
            0.91166625,
            0.91244125,
            0.91251544,
            0.91105614,
            0.91073459,
            0.9103471,
            0.9092588,
            0.90585375,
            0.89943113,
            0.88337044,
            0.8348009
        ],
        "std": [
            0.00057275,
            0.00070221,
            0.00045474,
            0.00091482,
            0.00071029,
            0.00056053,
            0.00063038,
            0.00050704,
            0.0021868,
            0.00086869,
            0.00430747
        ]
    },
    "rte": {
        "mean": [
            0.65342961,
            0.69434414,
            0.66064982,
            0.6341757,
            0.63297232,
            0.57882071,
            0.56799038,
            0.56438027,
            0.54151624,
            0.53188928,
            0.5318893
        ],
        "std": [
            0.00294764,
            0.00340364,
            0.01641179,
            0.00850908,
            0.00900521,
            0.01483614,
            0.01676099,
            0.00340364,
            0.00294766,
            0.00850908,
            0.04375371
        ]
    },
    "sst2": {
        "mean": [
            0.92392967,
            0.92278288,
            0.92163608,
            0.91819572,
            0.92240061,
            0.92125382,
            0.91704891,
            0.90825689,
            0.88379204,
            0.86735475,
            0.82721712
        ],
        "std": [
            0.00389835,
            0.00270302,
            0.00108121,
            0.00540601,
            0.0005406,
            0.00108121,
            0.0014303,
            0.00247736,
            0.00235641,
            0.00235641,
            0.00751026
        ]
    },
    "wnli": {
        "mean": [
            0.2629108,
            0.24413145,
            0.23004695,
            0.24413146,
            0.31924884,
            0.32394366,
            0.36150235,
            0.47887324,
            0.53051645,
            0.46009391,
            0.5633803
        ],
        "std": [
            0.0403865,
            0.013279,
            0.03696718,
            0.02655801,
            0.08476747,
            0.07181718,
            0.04353811,
            0.09127804,
            0.03696717,
            0.07393435,
            0
        ]
    }
}